title1,text1,title2,text2,title3,text3
TeamTechへの共感と企業理念と社員の雰囲気の一致,私が、選考を受けたいと思ったきっかけは TeamTech への共感でした。<br><br>私は学生時代に部長を務めた経験があります。私は役割を精一杯こなそうと努力する中で、チームについて考え悩むことが多々ありました。企業説明会で、この TeamTech というサービスや事業内容に興味を持ち、選考を受けることを決めました。<br><br>私の経験上、リーダーの努力だけではチームは成り立ちません。また、リーダー以外もチームメンバーとしての自覚がない場合、生産性は低くなると感じます。私自身、学生時代にリーダーとしてチームをまとめることができたのも、チームの皆が協力してくれたからです。お互いが尊重しあい、目標のため、チームのために努力する。メンバー間の関係性はチームワークにおいて重要であると考えます。<br><br>そして、就活中「このチームのために頑張ってみたい」そう思ったのが、私にとってシアトルでした。決め手は社員の方が本当にチームを大切にしていると思ったからです。メンバーがお互いを尊重しあっていると感じました。このことから、私もシアトルの一員として頑張りたいと思い入社を決めました。,部活の公式戦での惨敗,高校時代はバスケットボール部に所属していたのですが、部長に就任して初めての公式戦で惨敗を経験しました。今まで集団スポーツを経験してきて、チームワークの重要性は理解していました。しかし、高校の公式戦で勝てると思っていたチームに敗れ、敗因について考えたとき、私たちのチームは試合に勝利するためのチームではなく、友達の延長線上のチームであると思いました。チームワークを向上するためには、仲を深めることは一つの手段であっても、勝利するという成果には直結しないと気づきました。<br><br>惨敗した試合後、チームの皆で話し合いを行いました。目標は何か、自分たちに足りないことは何か、今後の目指すチームの在り方、各自が考えることを真剣に話し、相互理解を深めました。このことによって、各々が担う役割や足りない技術を一人一人が考えるようになりました。結果として、次の大会では惨敗した対戦相手に勝つことができました。<br><br>このことがきっかけで、私だけの考えだけではなく、皆でチームの在り方を考えることが一番大切であると気づき、よりチームワークを大切にするようになりました。,チームワークで悩む人を支えたい,チームワークの良さに気が付くとき、それは目標を達成したときや、新しいチームに所属したときだと考えます。上記した通り、部長としてチームをまとめる中で様々な苦悩がありました。しかしチームで団結し試合に勝つことができたとき、今までの苦労が報われたと感じました。達成感や充実感を得るときは、努力が報われた時です。しかし、必ずしも努力が報われるとは限りません。<br><br>そこで、チームをまとめることに悩んだり、結果が出ず苦しむ人に、チームで何かを成し遂げることの達成感や充実感を味わってほしいと考えます。また、そんな人を支え、よりチームワークを高めていくサポートがしたいです。<br><br>そのために、まずは私の所属する内定者のチームが最高のチームになるよう努力しています。「ローマは一日にしてならず」というように、チームも一日にしてなりません。信頼も関係性も毎日の積み重ねであると考えます。<br><br>まず、相互理解を深めるために、コミュニケーションを積極的にとっています。その中で、チーム課題に対する考えやモチベーションを皆が共有し、チーム内で意識の差がないようにしています。また、趣味や日常生活の話をすることで、メンバーの考え方や人格を知れるように努めています。私だけでなく、チームの皆がこのチームでよかったと思ってくれることが、私の夢への一歩です。
高専から自由応募で就活したわけ,私は中学卒業後、理数科目が好きだったこともあり、高専に進学を決めました。<br><br>15歳から20歳という、子どもから大人に成長するであろう時間を高専で過ごしました。高専には沢山の求人が来ます。周りの友人が大手に就職を決めていく中で、私はこのまま流されて就職を決めてしまって良いのだろうか。自分のやりたい事が何か分からない状態で就職をする事は果たして正解なのだろうか。など将来について深刻に悩むようになりました。そこでふと、自分の力がどこまで通用するのか試してみたいと思い、上京することを決めました。<br><br>高専では化学を専攻してきた私ですが、もともとインターネットが好きで、次に勉強するならITに関することと決めていました。上京就活をする中で、就活イベントに参加した際に偶然知った会社がシアトルコンサルティングです。選考の中で、シアトルの明るく和気藹々とした雰囲気や、仕事に対する真剣さを知り、私もこういう生き方をしたいと強く思いました。また、面接を受けた多くの会社の中で、シアトルが一番私らしさを認めてくれた会社でもありました。<br><br>これから先も、自分らしさを大切にしながら努力を続け、シアトルを引っ張っていく存在になれればと思います。,悩みぬいた高専生活,私がチームワークを大切にするきっかけは、高専での寮生活の中にあります。<br><br>私の人生の中で、一番の悩みは人との関わり方についてです。同時に、一番楽しかったと言える思い出も、人との関わりの中にありました。きっと多くの方が私と同じように、人間関係で悩んだり、慰められたりを繰り返して人生を積み重ねてきたのだろうと思います。私は高専に入学してから3年半の間、学生寮で暮らしていました。知り合いが1人もいない状態で唐突に始まった2人1部屋の高専生活は想像以上に楽しく、時には辛いものでした。恋人に振られた時、自分のことのように泣いて慰めてくれた友達。テスト期間に寝不足でお互いへの不満が募り、大喧嘩をした友達。そんな高専での寮生活を続けていく中で、人は1人では生きていけないという事実を心の底から思い知りました。<br><br>そういった友達との深い関わりを続けていく中で、チームワークとは何か考えることが増えました。人が心地よい生活を送る上で、コミュニティに属することは必須であると私は思っています。そのコミュニティの中で、全ての人たちが良好な人間関係を築けるようなチームワークを育めるように努力したいと思います。,私の目指す大人とは,私は小学生の頃から早く大人になりたいと思い続けてきました。しかし、成人を迎えていざ大人の仲間入りをしてみても、まだまだ未熟であると日々感じるばかりです。そこで、私のなりたい大人とはどんな存在であるのか考えてみました。<br><br>私の思う大人の条件は三つあります。<br><br>まず一つ目に、金銭的に自立していることです。今までの生活では、学費や生活費など、多くの部分で家族に支えてもらってきました。そんな家族に早く恩返しができるような大人になりたいと思います。<br><br>二つ目は、多くの人と関わり、考えを知る努力をすることです。今までの生活のコミュニティには、同年代が多く、考え方やマナー面で未熟であると大いに感じます。人間的に成熟し、時には人に頼られる存在になる為にも、多くの人と関わり、コミュニケーション能力やマナーなどの人間力をつけていきたいと思います。<br><br>最後の一つは人から信用されることです。両親に守られて生きていく期間はもうすぐ終わりを迎えます。一人の人間として社会の中で生きていく為に、人からの信用や信頼を得るに値する人間になる為の努力を続けていきたいと思います。シアトルで働いていく中で、自分を律し、自分のことを誇れる人間になることが私の夢です。
トップの魅力,シアトルに入社を決めた理由は、京和さんとの距離が近いことや会社の思い描くビジョンに魅力を感じ、シアトルでキャリアを積みたいと思ったからです。<br><br>初めて企業説明会でお会いした際に、社員の方と近い距離で話している姿が、私が今まで見てきた社長と社員との関係性とは全く異なる物でした。私は京和さんと話している社員の方は長年居て、パートナーのような存在なのかと思っていたのですが、当時インターンをしていた内定者の方でした。すごく驚いたのと同時に、感激しました。若いうちから会社のトップと近い距離でお仕事ができるというのは学べることが多く貴重な経験であると考えています。<br><br>そこからシアトルに興味をもち、最終面接で京和さんから会社のビジョンについて伺った時、私もそこに貢献したいと素直に思えました。また私自身も日本中の社会人がもっと活き活きと働く世界を作りたいという思いを秘めていました。そのため京和さん含めTeamTechに深く共感できたことが入社の決め手になりました。,博多での3日間,チームにこだわるようになったのは大学3年生の時の夏に参加した3daysのインターンがきっかけです。<br><br>そのインターンで学んだことの1つが、仲間の成長のために行動するという利他の心です。それまでのインターンでは仲間の成長よりも自分の成長や自分の貢献でチームを勝利に導けたかどうかしか考えていませんでした。また自分のために頑張るという気持ちこそが自分の全力を出すためのエネルギーになると感じていました。しかし、そのインターンでは仲間の成長のために自分の人生をかけろと何度も言われました。最初は全くそんな気持ちになれませんでしたが、最後の最後にはその気持ちになることができ、仲間のためにすべてを出した感覚を味わいました。<br><br>結果的にはそのワークは失敗し、悔しさと申し訳なさで涙が止まらず立つこともできませんでした。しかし学んだこととして、私は仲間のための方が自分のためだけでは出せない力を出せ、その自分の方が好きという事を知りました。その日から同じ感覚、それ以上の感覚を求めチームにこだわるようになりました。,野望,私はTeamtechの概念を用いたワークを作りを学校と提携し授業または合宿を行いたいです。<br><br>現在シアトルではStarTeamを通しチームの状態を見える化することが可能になりましたが、私はその見える化した先の取り組みも含め、最後までそのチームに付き合いたいです。例えばそのスコアに対し具体的な解決案としてワークを準備して取り組んでいただき、再度スコア化し経過を見るなど、何らかの形でアクションをするといったことです。またどうして学生の方に取り組んでいただきたいかというと、生きていくうえで誰もが何かしらのチームに所属し目標をもって何かに取り組むと思います。しかし学校ではチームワークに関して全く教わることはありません。また、部活生などを除き、チームでの相乗効果というものがどういったものかを知ることもないでしょう。<br><br>私はチームワークの相乗効果を知り人生が変わりました。チームワークというものには人の価値観を変える力があると思います。それを学んだからといって必ずしも自分の道を見つけられるとは限りませんが、知った上で自身の人生の道を選択していただきたいです。
やっぱり素敵な人たち,説明会の時からシアトルの雰囲気の良さが溢れていて、「素敵な会社だな」と思いました。<br><br>選考では定番の質問だけでなく、世間話が広がることもあり、「優秀な人間かどうか」ということよりも「一緒に働きたいかどうか」という視点で見られていることに気付きました。私が会社を選ぶ上で外せない条件として「人」を大切にしていたため、仕事で大切にしていることがシアトルの方々と同じだと感じました。<br><br>また、仕事についてお話しする社員の方々から強い情熱を感じ、自分の仕事に誇りをもっている皆さんはまさに「かっこいい社会人」で、この人達のようになりたいと思いました。いろんな先輩社員とお話しする度、自分の口から素直に言葉が出ていることに感動しました。<br><br>ありのままの姿を出した結果、ご縁があり内定を頂けたので、素直な姿を認めてくれたこの人達となら、100％素直にイキイキと働けると確信し入社を決めました。これからチーム・シアトルの一員だという自覚をもって、誰よりも楽しく一生懸命に仕事に向き合っていきます！,自信を持って最強だと言えるチーム,私にチームワークの大切さを教えてくれたのは、中学校のバレーボール部での体験です。<br><br>同級生が8人いて一緒に笑い、怒られ、走り回り…と朝から晩まで楽しい時間を過ごしていました。1年の時、モチベーションの低かった私が毎日部活に行ったのは、8人の仲間と過ごす時間を終わらせたくなかったからで、このことが「『何をするか』ではなく『誰とするか』」の原点となっています。<br><br>さらに2年になり、新しく顧問となった先生が部員一人一人の役割を把握し、活躍できるよう考えてくれたり、保護者の大半が毎週の練習試合にも顔を出し、大会の前には横断幕も作ってくれました。先生や保護者が情熱を持って向き合ってくれたことで、信頼関係が構築され一つのチームとなりました。最後の大会では九州大会に出場するという目標を持ち、チーム全員が本気でその目標に向かって努力しました。結果として、九州大会出場は叶いませんでしたが、悔しさの中にもなぜか達成感がありました。それはきっと他でもなくこのチームで戦ったからだと思います。<br><br>この経験から、全員が自分の役割を全うし目標に向かって本気で戦ったという事実が結果以上に大切だと学び、自分たちの力を信じ目標に向かって強く団結できるチームを作っていきたいと考えるようになりました。,もっとイキイキと働ける会社にする,全員がイキイキと働くことのできる環境を作りたいです。<br><br>例えとして乳幼児をもつ会社員に焦点を当てます。会社員として働いていても、子どもが熱を出したりトラブルを起こしたりすれば親として園に行かなければならない。そのような時、同僚が容認してくれる人であったとしても、大抵の人は会社に申し訳ない気持ちで仕事を中断し、早退すると思います。その分の仕事を任せられる同僚も、早退した方もイキイキと働いているとは言い難いです。<br><br>そこで、この問題を解決するのはチームワークだと考えました。日々のコミュニケーションから構築される信頼関係があってこそ、人は弱みを打ち明けて協力してもらえます。また、その弱みをメンバーが理解することで互いに支え合うことができます。支えるだけでなく支えてもらうということに抵抗が無く、負担しているのは自分だけではないという意識があれば、ポジティブな感情になりイキイキと働ける環境が実現すると考えました。<br><br>シアトルに所属するうえで「気付き」を大切にして周囲を観察し、仲間たちがイキイキと働けるようにチームワークを重んじて動いていきます。
チーム,私はシアトルのチームを大切している社風に惹かれ、入社を決めました。<br><br>私は小学校2年時から15年間サッカーをしており、常にチームで目標に向かって努力していく環境で生きてきました。そんな環境にいたこともあり、チームで目標を達成する為に自分が何をするべきか、どう貢献するべきかを常に考えて行動してきました。<br><br>シアトルの選考を受ける中で、人事の方々や面談をしてくださった社員さんが「困ったことがあればすぐにみんなが助けてくれる」ということを話していて、本当にチームを大切にしていると感じることができました。色々な企業を受ける中で、チームを大切にしている企業はたくさんありましたが、自分自身が就活をしていて、初めて「活躍できるかも」「楽しく働けそう」と思うことができました。<br><br>社風だけでなく本当にチームを大切にする社員さんがたくさん集まっているシアトルで、私も楽しく働きたいと思い入社を決めました。内定してから社員さんと話す場面が何度かありましたが、みなさん本当に優しい方で、人としてとても良い方々が集まっているなと改めて実感しました。,切磋琢磨,サッカーをする中でチームワークを大切にするようになりました。<br><br>特にチームワークが大切だと感じられたのが、高校3年時に目標としていた全国大会出場を達成したときです。1年時から仲間達と全国大会を目指し、厳しいトレーニングに励みました。どんなに苦しい時でも仲間同士で支え合い、目標と違う方向に進んでいる仲間がいればぶつかり合いました。決勝戦の日、私はレギュラーとして試合に出場していたのですが、観客席では仲間がチームの為に必死で応援してくれています。私はそんな仲間の姿を見て、なにがなんでもチームの為に戦い、勝つしかないと思いました。そして、死力を尽くして戦った結果が勝利という形で現れました。優勝が決まった瞬間、部員全員で抱き合い、心の底から喜ぶことができました。<br><br>チームの為に全員が１つになることで大きなパワーが生まれ、目標を達成できたときに本気で喜ぶことができると感じられたこの経験が、チームワークが大切だと感じた瞬間です。,信頼,シアトルで誰よりも信頼されるシステムエンジニアになりたいです。<br><br>私は、エンジニアは周りとコミュニケーションをとりながら進めていくことも大切ですが、それ以前に、個人として自分の役割をしっかり果たす力が本当に大切だと考えています。エンジニアではサッカーで培ってきた責任感とやり切る力を最大限に生かせるのではないかと考えており、その力を発揮できれば活躍できると考えています。しかし、私は新しいことにチャレンジするのが苦手です。4月から右も左も分からないエンジニアの世界に踏み込みます。<br><br>わからないことだらけで不安もありますが、私の苦手とする「チャレンジ」を克服するために、当たって砕けろ精神で何度でも挑戦し続け、立派なシステムエンジニアになります。そして、ただエンジニアになるだけではなく、期待以上の成果を残す信頼されるような人になりたいです。そのために日々の積み重ねが本当に大切になってくると思います。毎日少しでも期待以上の成果を残せるような価値を生み出し、信頼してもらえるように成長していきたいです。
団欒の大切さ,入社を決めた理由は、「チーム・シアトル」の文化に惹かれたからです。<br><br>「チーム・シアトル」はみんなで力を合わせ、団欒し、助け合うといったものであるとインターンシップの際に教えていただきました。この言葉を聞いた時、とてもいいなと心に響きました。そして同時に、幼少の頃に経験したことを思い出しました。それは私がまだ小学生だった時に発生した大地震により、私の家に親戚一同が集まり、数ヶ月間みんなで支え合いながら生活していたことです。<br><br>もともと私の家族は人数が多いのですが、みな団欒の時間を大切にしていました。大きな災害のような問題が発生した時も共に苦労を乗り越え、今の家族の形ができています。シアトル社員の和やかな、話しやすい雰囲気は「チーム・シアトル」の文化によって作り出されていると感じ、シアトルに入社したいと心から強く思うようになりました。<br><br>幼少期に体験したことを忘れずに、シアトルの文化である「チーム・シアトル」を入社後も大切にしていきます。,一人の限界,中学校での委員会が大きなきっかけを与えてくれました。<br><br>当時中学3年生だった私は、学校新聞を作成し掲載する新聞委員会の委員長を務めていました。委員会の仕事内容は、学校新聞を作成するためのコラムを考え、情報を集め、時には先生方や生徒にインタビューをし、写真やイラストを新聞に組み込みながら学校新聞を完成させ、各クラスに掲載する。ここまでが一連の流れでした。<br><br>この作業をするにあたって、委員に役割を与えることは委員長である私の役目だったので、割り振りをしました。しかし、委員に進捗を確認することを怠ったために、締め切り間際ギリギリで完成を迎えてしまいました。結局、私一人で新聞を完成させたのですが、情報量の乏しさに、当然の如く新聞のクオリティは良くありませんでした。<br><br>それ以降、委員の様子に目を配り、進捗を確認することで、余裕を持って新聞を完成させることができました。長であるが故に、一人ができる限界を知ったという体験により、チームワークの大切さに気づきました。,想像を形にしたい,自分の作りたいと思ったものを作れる力を身につけたいです。<br><br>今まで、作りたいもののイメージを強く思い浮かべる事はできたのですが、技術や知識が全然足りず、イメージ通りに作れないということがたくさんありました。実際、独学で勉強していますが、疑問に思ったことを解決するための情報を得る、ということにかなり苦労しました。<br><br>しかし、今ではシアトルのメンターの方が、技術面の相談に乗ってくれるため、少しずつではありますが、成長スピードは上がったと感じています。自分の作りたいものを明確にして、整理しながら、積極的に情報を得ていきたいと思いました。<br><br>これからシアトルに入社し、環境が大きく変わります。知識をたくさん得て活用し、自分の作りたいものがイメージで終わってしまうことがないように、想像したものをしっかりと形にできるように、日々勉強して叶えていきます。
駒ではなく、人間として,今までに複数のアルバイトを経験してきましたが、職種に関係なく無給でも働きたい職場と、高給でも働きたくない職場というものが私の中で明確にありました。<br><br>その境目が従業員を大切にしているか否かです。社会の構図として、労働の対価で給料を支払うことは至極真っ当なことではありますが、それだけではどうにでもならないものが人間の心だと考えています。一人では賄いきれない業務を他の従業員が行うことで、会社という組織が機能します。会社は社長だろうとアルバイトだろうと同じように肩を組んでいなければならないと思うのです。<br><br>この考え方を、就職活動を行う上で絶対に曲げない部分として持っていました。その中で出会ったシアトルは、私の理想を詰め込んだような会社でした。ここでなら、一人では為し得ないことをチームの力で可能にできると強く実感し、入社を決めました。,大事なものほど目に見えない,私がアルバイトをしている飲食店で行われた社内コンテストにて、チームで優勝した経験から、チームワークを大切にするようになりました。<br><br>社内コンテストの内容は、顧客サービスを上げるために取り組んだことをプレゼンし、優勝店舗には賞金30万円が付与されるというものです。私の店舗では、繁盛店故に培ったチームワークを活かし、仲睦まじい姿と完璧に足並みの揃ったプレゼンが評価され、優勝することができました。他の店舗では、可愛らしいラテアートを披露したり、売上の上昇率といった実績を示す中、チームワークの良さと言う主観的なものを表現するため、営業の合間に幾度となく話し合いとプレゼン練習を重ねました。<br><br>この経験から、チームが同じ目標に向かって進むことで生まれる可能性を体感し、チームの一員として役に立てる事の喜びは、何物にも変え難いものであると知ることができました。チームワークは、一人で作ろうと意気込んでも生まれる物ではありません。信頼し合える仲間に出会い、同じ目標を持ち、助け合いながら成し遂げられるチームワークをシアトルで築けるように精進します。,私にしか出来ないモノを,私は昔から変わり者と言われてきました。そして、これからも私は変わり者だと思います。それは、良くも悪くも私の特性です。そのため、私がシアトルで叶えたい夢は、私にしか出来ないモノを作り上げることです。モノと言っても、それはシステムかもしれないし、サービスかもしれない、まだ名前もない何かかも知れません。しかし、他者が作れるモノを私が作る必要はないと考えています。シアトルは、他者にない独特な感性を持ち合わせる私を採用して下さいました。このご縁に感謝し、貢献していくにはそれが最良であると考えています。<br><br>また、新しいモノを生み出す瞬間は私自身も楽しんでいる証拠ですので、お互いに良いことであると言えます。そのためには、まずはプログラマーとして経験を積み、様々な力を蓄える必要があります。私が変わり者と言われてきたように、それも変わったモノかもしれません。しかし、きっとキラキラと輝くはずです。私の見ている世界がそうだからです。
このメンバーと一緒に働きたい,私がシアトルに入社を決めた一番の理由は、シアトル社員一人一人の魅力に惹かれたことです。<br><br>シアトルの魅力は一人一人が働くことに対しての責任感が強く、熱意に溢れていて、働くことをとても楽しんでいることだと思います。<br><br>私は選考を受けていく中で、多くのシアトル社員の方々とお話しする機会を設けてもらいました。その中で、他の内定者の方とご飯を食べに行く機会があったのですが、それぞれの夢やこれからやりたいことなど時間を忘れるぐらい、たくさん話をして、気づいたらシアトルで働いてる自分をイメージしていました。面談をしてくださった社員の方々も自分の中に軸をしっかり持ち、働くことを楽しんでいて、私は会社だけではなく、メンバー一人一人にとても魅力を感じるようになりました。<br><br>そして、このメンバーと一緒に働きたいと強く思い、シアトルに入社を決めました。,スタッフ250人を超える店舗でのアルバイト,私がチームワークを大切にするようになったきっかけは、大学1年生の時から続けているアルバイトです。<br><br>私はスタッフが約250人いるアパレルショップでアルバイトをしていて、現在はバイトリーダーとして働いています。学生のアルバイトスタッフが多い中で、バイトリーダーとしてどのようにスタッフとコミュニケーションを取れば良いか、どうしたら効率よく運営できるかを考えました。<br><br>最初は業務を全部一人でこなそうとしていましたが、すぐに限界が来てパンクしていました。そんな時に、同期のメンバーが一緒に解決策を考えてくれて、他のスタッフへの教育などを一緒にしてくれました。そのおかげもあり、今では業務指示やスタッフのサポートをしっかりできるようになり、店舗として、エリア内売上1位という良い結果を残すことができました。<br><br>このアルバイトでの経験によって、周りの人たちと支え合うことでより大きな成果を残せるということに気付き、チームワークを大切にするようになりました。,最高のメンバーと一緒にチームワークで世界を変える！,私がシアトルで叶えたい夢はTeamTechを世の中に広めていくことです。<br><br>自分が経験したことも含め、チームワークの素晴らしさをもっと多くの人に知って、感じて欲しいです。ただ、チームワークの大切さを世の中に広めていくためには、まず自分たちが最高のチームを作れるようにならないと、叶えることはできないと考えます。<br><br>私が思う最高のチームとは、家族の様に何でも言い合うことができ、お互いを支え合い、決して一人ではできないような大きな力を生むことができるものだと思います。<br><br>このようなチームの一員になるためにも、日々たくさんのことを吸収して成長していけるよう頑張ります。最高のチームを作るためにも人間関係、仕事、遊び、何事にも全力で取り組み、シアトルのメンバーと最高のチームを作っていきます！
頭も気持ちも納得できる場所,私がシアトルに入社を決めたのは、就活の際の自分の軸に合っていたという理由です。<br><br>私は、①年功序列でなく実力主義であること、②自分が会社に対してどの程度貢献しているかが分かりやすい環境であること、③人や社風が合うこと、の３つの項目を軸にしていました。<br><br>いろんな会社を見た上で、シアトルはこれらの軸に合致していると感じました。<br><br>そしてもう1つの理由は、自分の直感です。経験や分析の基盤を持った上での直感は、熟慮より正しいと私は考えています。徹底的に自己分析をして、説明会やインターンにも参加して、自分とも企業とも向き合った上で、この場所で働きたい！と自分が感じ、なおかつその企業に選んでもらった訳ですから、入社しない手はないです。<br><br>このように、論理的な面でも感情的な面でも納得できるのがシアトルだったので、入社を決めました。,補い合うことの楽しさと可能性,大学生になって、サークルに入ったりバイトをしたりして感じたのが、一人でやれることには限界があることと、自分以外の複数の人と同じゴールに向かうことは、難しい分、楽しいということです。<br><br>私は、大学時代バレーボールサークルに入っていたのですが、年に数回あるバレーボール大会の運営をする係を、私を含め4人で任されたことがありました。係の仕事は、大会の会場の手配や、出欠確認、チーム分け、トーナメント作り、大会当日の司会、諸々の買い出しなど、多岐にわたっていた上に、参加人数が100人を超えたこともある程、大人数を管理しなければならないものでした。そのため、メンバー同士で協力し合うことは必須でした。<br><br>もちろん協力し合うことの大変さも感じましたが、それよりも、自分に出来ないこと・不得意なことを補ってくれるメンバーがいることや、他のメンバーができないこと・不得意なことを自分が補うことで、チーム全体としてできることの幅は、独立した個々よりも遥かに広がるということを改めて確認しました。そして何より、一人でやるよりも誰かと協力することは楽しく、達成感も一人の時より大きいということも強く感じました。<br><br>このような経験から、仕事においてもチームワークを大切にしたいと考えるようになりました。,場所に関係なく必要とされる人間に,生きている中で幸福を感じる瞬間はたくさんありますが、その中でも私は、誰かに必要とされる、ということに強く幸福を感じます。<br><br>社内だろうと社外だろうと、またプライベートでも、とにかく「人から必要とされたい」という欲求が強いので、ビジネスパーソンとしても一人の人間としても、必要とされる存在になりたいというのが夢ですし、これから先も変わらず持ち続けるであろう夢だと思います。<br><br>「人から必要とされる」のはどんな人なのかを考えた時、自分の周りで必要とされている人と、私自身が必要としている人の両者に共通していたのは、いつも明るく、情緒が安定していて、感情表現がストレートである、という点でした。これはあくまで一部ですが、大まかな点をまとめるとこのような人が自分の周りでの「必要とされる人」の特徴だと気付き、私もそうなりたいと考えました。<br><br>このような、人から必要とされる人間になるために、まずはシアトルで必要とされる人間になれるように頑張りたいと思います。
TeamTechへの共感,私がシアトルに入社を決めた理由は、TeamTechに強く共感したからです。<br><br>自分自身、小学生の頃から野球を続けてきた経験があり、チームワークの持つ力の大きさを強く感じていました。そのため、チームワーク×ITで世界を変えることをMissionとしているシアトルには自然と惹かれていきました。また、シアトルの先輩方や代表の京和さんとお話しさせて頂いたことで、TeamTechへの熱い思いや、自分と同じようにチームワークの可能性を本気で信じていること、それを社会に広げようとしている姿を見て、一緒に働きたい！自分もシアトルのMission達成に尽力したい！と強く思うようになり、入社を決意しました。<br><br>最終面接の場で入社を決意した時、私を採用してくれた京和さんをはじめ、人事の方の期待に応えたい、そう強く感じました。この気持ちを常に忘れず、TeamTechの可能性を日本に、世界に示すためにこれから頑張っていきます！！,高校野球の3年間,私がチームワークを大切にするようになったきっかけは、甲子園を目指し高校野球に打ち込んだ3年間の経験です。当時は、家族よりも野球部の仲間と過ごす時間の方が圧倒的に長く、たくさんの経験・想い・時間を共有してきました。<br><br>高校野球は、試合に出ている選手だけが頑張っても勝つことはできません。チーム全員が同じ方向を向いて戦う必要があります。<br><br>私たちの高校は、メンバー外の選手たちも対戦高校のデータを取りに各地の球場を回ったり、限られた時間・空間の中で濃い練習ができるように準備を徹底したり、毎日バッティングピッチャーを務め100球以上投げるなど、メンバー外であってもチームの勝利を想って、自らの役割を全うしていました。そうした裏で頑張ってくれる仲間の想いはメンバーに伝わります。<br><br>「裏で頑張ってくれるあいつらのために」そんな想いで試合に臨み、結果を出す。こうした取り組みを3年間続けてきた経験から、チームワークの大切さを学びました。,想いを形にする技術力と両親への感謝,私がシアトルで叶えたい夢は、二つあります。<br><br>一つ目は、自分が作りたいと思ったサービスを形にできる技術力を身につけることです。<br><br>私は、IT技術はすごく可能性に満ちたものだと思っています。これまでは解決が困難だった問題もIT技術によって解決され、生活が豊かになっていった例は数多くあります。自分が作りたいサービスについては、まだ具体的には考えられてはいませんが、地方と都市部の格差を是正するようなサービスを自分自身の手で作ることが夢です。TeamTechと絡めたサービスを作れたらと考えています。<br><br>二つ目は、自分が稼いだお金で両親へ恩返しをすることです。これまでの人生の中で、いろんな人に支えられてきましたが、特に両親には本当に良くしてもらったと感じています。<br><br>両親が支えてくれたことで、好きな野球をずっと続けられ、本当にいい仲間に出会えたし、いい経験ができました。また、就職で地元を離れ、東京で自分のやりたいことに挑戦できていることも両親のおかげです。私にはあまり苦労を見せてこなかった両親ですが、大変だったことも多くあると思います。これから少しずつですが、恩返ししていければなと思います。
自分を知るきっかけに,私は「楽しい人間関係を築ける」「何でも挑戦できる」「海外進出ができる」の三つを軸にして就職活動を行っていました。<br><br>シアトルを見つけた時は無知のIT企業だったため不安ではありましたが、説明会やYouTube、ブログを拝見した時に感じた人間関係の良さに惹かれて、選考に進むことを決意しました。面接では私についてただ聞くだけではなく、私にはどんな仕事が合うのか？を一緒に考えてくれたこと、面接後の手厚いフィードバックにより自分で反省を行うことができたことに大変感動しました。<br><br>また、面接を通して自分自身がどんな人間なのか、新しい部分を沢山見つけることができました。最終面接までに「この会社でこの方達と仕事をし、大きな事をやり遂げたい！」という気持ちが強くなっていました。また、最終面接後も面談を行って下さり、本当の私を見せることができました。内定を貰った後も会社の人との関わりや、同期との繋がりを強く持たせてくれ、早く働きたいが大きくなるばかりです！<br><br>シアトルで働く方達の人の良さや、活き活きとした雰囲気の中で、これから色々な事に挑戦し、新しい自分を沢山発見していきたいと思います！,困難を分かち合い一緒に乗り越えるチームワークの大切さ,幼い頃からリーダーの役目を沢山してきましたが、私が本当にチームワークの大切さを考えさせられたのは、留学中でのリーダー経験でした。<br><br>韓国留学二年目になった時に新しいことを始めたく、友達と外国人コミュニティサークルを作ることにしました。そこで私はチームリーダーと広報部のリーダーを担いました。特に大変だったのは広報の仕事で、宗教勧誘が多い韓国では声を掛けても誤解されることが多く、中々サークルの認知度を上げることができませんでした。広報チームのメンバーも疲れが溜まり、活気が無くなってきました。中には辞めてしまうメンバーもいました。<br><br>私はとにかく個人との連携を強く持ち、チーム全体が同じ目標（意識）を持つことでチームワークが良くなると考えました。チーム全体に一体感が出て雰囲気が良くなった後には、みんなが無理だと思う方法でも挑戦しました。すると意外に上手く行き、メンバーも積極的に活動するようになりました。<br><br>その結果サークルに入る人がどんどん増え、当初10人程で始めたサークルも私が帰国する前には50人程増えていました。現在も元気に活動を続けています。あの時チームワークについて考えて行動していなければ、今頃サークルは無かったと思います。大変な事もチームが一つになれば乗り越えられることを学んだ経験でした！,いつでも私らしく,シアトルに入社した後は、いつでも自分らしくいることを忘れず、とにかく楽しむことを大切にしたいと思っています。<br><br>知らない世界で学んだこともない技術を身に付けていくことは簡単ではないと思いますが、辛さの中でも楽しさを見つけられる人が長く続けることができ、成果を出すと思っています。学生から社会人になると、責任ややらなくてはいけない事、自分のやれる事、やりたい事も山ほど増えます。どんな状況下でもまずは私の気持ちを大切にして、自分の可能性を100%発揮できる人になりたいです！<br><br>そして、どんな時でも仲間が側にいると思うのですが、周りの人たちにも楽しさを共有して皆んなが楽しめる時間を過ごしていきたいと思っています。時には意見が合わなくてぶつかる事もあると思いますが、それを経験してこそもっと分厚い信頼関係が生まれます。良い事も悪い事も全てを共有して本当の自分を出せる関係がベストだと思うので、まずは自分から心を開いて私を知ってもらえるように行動することを心掛けようと思います。<br><br>自分からいろんな事に挑戦し、その度に出会う仲間たちと協力し合って、皆んなで成長していきたいです。いつでも笑顔で全力で楽しむ！
TeamTechへの共感,シアトルに入社を決めた理由は大きく分けて二つあります。 <br><br>一つ目は「チームワークを大切にする会社」だからです。シアトルではTeamTechという言葉が掲げられています。私自身チームワークを大切にしたいと思っているのですが、シアトルではただ単にチームワークを大切にするといった曖昧なものではなく、チームワークを数値化して評価していることに魅力を感じました。<br><br>二つ目は「自分のやりたいことができる会社」だと思ったからです。私はシアトルのインターンに参加したのですが、このインターンは、なんと社員ではなく内定者の発案で開催されたものでした。それを聞いて、シアトルでは自分がやりたいことに挑戦できる環境が整っているのだろうと感じました。<br><br>社員同士がお互いに信頼しあっているからこそチームワークが生まれ、また様々な意見を発信できる環境が整っているのだなと感じました。私もその中で一緒に働いてみたいと思ったのが入社を決めた理由です。,陸上競技は個人競技じゃない！,私は陸上競技を通してチームワークの大切さを知りました。陸上競技は個人競技と思われがちですが、決して一人で成長することはできません。チームメイトがいて初めて自分自身も成長することができます。<br><br>私は高校生から陸上競技を始めたのですが、陸上競技を始めた理由は、自分の頑張りが結果に直結することに魅力を感じたからでした。しかし、入部して気付いたのは、一人では良い結果を残すことはできないということでした。初めの頃はチームメイトがどうこうではなく、自分が頑張れば結果が付いてくると考えていましたが、次第にチームメイトの存在がいかに重要かに気付き始めました。1人で練習しているときよりもチームメイトと競いながら練習しているときのほうがいいタイムで走ることができていたからです。<br><br>チームメイトの成績が伸びれば自分も頑張ろうと思うし、練習でも互いに競ることで一人のときよりも限界まで追い込むことができる。結果的に自分の成績が伸びるのを実感しチームの大切さを学びました。,教育×TeamTech,私は自分自身がチームワークやITを勉強して成長していきたいと思うと同時に、チームワークの大切さ、ひいてはTeamTechを広めたいです。<br><br>私は特に教育の現場にTeamTechを活用したいと思っています。TeamTechを広めるためにはまず多くの人に知ってもらう必要があります。そこでほとんどの人が通過する小中学校にTeamTechを導入できれば自然と多くの人に知ってもらえるのではないかと考えています。<br><br>また、チームワークの大切さを部活などで自然と学ぶことはあっても授業では教えてくれません。ですが授業の一環としてチームワークを学ぶ機会を設けることで、早い段階でチームワークの大切さを実感できるのではないかと考えています。具体的な構想はまだありませんし問題点も様々あると思いますが、いつか授業の中でTeamTechを活用していきたいと考えています。<br><br>実現のために、まずは自分自身がチームワークについてよく知る必要があると思います。チームワークを知るためにはチームのリーダーを経験することが必要だと思うので、入社後はチームのリーダーを任せてもらえるようになりたいです。チームワークを大切にし、リーダーシップを発揮していきます。
社員の人柄の良さ,シアトルに入社を決めた理由は、社員の方々の人柄の良さに惹かれたことです。<br><br>私は就職活動の軸として、その会社の人たちと一緒に働きたいと思えるか、私を必要としてもらえるのかを大切にしていました。会社説明会や面接の時などにシアトル社員の方々と話す機会があり、その際に「シアトルコンサルティングを一緒に成長させていきたい」、「TeamTechで世界を動かす未来を創っていきたい」、「チームで働く楽しさをもっと広めていきたい」など、シアトル社員の方々一人一人の会社への思いやチームへの思いなどを聞きました。また、面接の時に私が今までやってきたことについて深く聞かれ、自分自身について今まで気づけなかったことに気づくことができたり、私のことを私以上に評価してもらえました。<br><br>シアトルコンサルティングなら新しい自分が見つかることや私を必要としてもらえる、この人たちとなら楽しいことはもっと楽しく、辛いことは一緒に乗り越えていくことができると感じ、この人たちと働きたい、この会社の一員としてTeamTechの可能性を広げていきたいと思うことができたので入社を決めました。,チームでの勝利,私がチームワークを大切にするようになったきっかけは、高校時代のバスケットボール部の大会で格上のチームに勝ち、県大会への出場を決めたことです。<br><br>その相手チームには県選抜に選ばれるような選手が数人おり、個人では勝つのが難しい相手だったため、試合をする際、何点か意識したことがあります。それは、一対一ではなく五対五で戦うことや、チームでカバーし合うこと、守り・パス回しを駆使して相手を崩し、人数差で戦うことです。それらのことを意識して戦った結果、自分たちのペースで戦うことができ、勝利することができました。<br><br>この試合以降、普段の練習からお互いの声かけが増え、個人技中心だった戦略からチームプレイを中心にした戦略に変えたことによって、練習試合での勝率も上がりました。それにより、チームの雰囲気も良くなり一層チームとして纏まることができました。<br><br>このような体験から、チームで何か物事を行うことで実力以上の力が出せること、楽しさや喜びを分かち合える嬉しさ、チームで物事を成し遂げることによって好循環が生まれていくことを知ることができ、チームワークを大切にするようになりました。,チームワークをより身近に,私がシアトルで叶えたい夢は、TeamTechを利用してチームワークをもっと多くの人に実感してもらえるようにすることです。<br><br>現在、チームでの活動を深くしたことのある人はチームワークの可能性を実感していると思いますが、まだチームワークを感じることが出来ていない人たちもいると思います。そういった人たちに向けてチームワークをより身近でより便利に利用できるようなシステムを、世界に向けて発信していけるようになりたいです。<br><br>そのためにはコミュニケーションや協調性など、最高のチームを作るためのノウハウを身につけることと、最高のチームを体験することが必要になると思っています。研修や業務を通しながら、人間関係の構築やノウハウを吸収していけるように全力で頑張ります。また、TeamTechを成長させていくためにはチームワークのノウハウだけでなく、ITの知識も必要になるので、1日でも早く一人前のプログラマーになれるように日々勉学に励みます。
人,私がシアトルに入社を決めた一番の理由は、「人」です。<br><br>会社説明会や座談会、面接でシアトルの方々とお話しさせて頂き、チームや仲間をとても大切にしている会社だという印象を受けました。この方々がいる会社なら、エンジニアとしても一人の人間としても成長していけるし、何があっても前を向いて頑張っていけると思いました。<br><br>正直、どんな仕事にも楽しいことも辛いこともあるし、結局はやってみないとわからないだろうというのが本音です。そんな私が会社を選ぶ際に重要視したのは、自分が成長できるか、支え合える人がいるか、という２点です。<br><br>ここまでチームワークを大切にしていると感じた会社はシアトルが初めてでした。社長との距離が近く、社員同士もとても仲が良いと感じました。そして、仲が良いだけでなく、一人一人がしっかりと目標を持ち、それが互いに良い刺激となって、個人と会社の成長へと繋がっていくのだと思い、ここがいい！と入社を決めました。,部活の練習,私がチームワークを大切にするようになったきっかけは、中学時代のスキー部の練習で、チームワークの力を実感したことです。<br><br>それまでスキー競技は、リレー以外は個人競技であり、練習も本番も自分との戦いだと思っていました。しかし、部活の練習で本当に大変なときに、同じ練習をこなしている仲間からの声掛けが、実力以上の力を出す源になることが分かったとき、チームワークの偉大さを感じました。実際に、できないと思っていた練習内容を、最後まで仲間と声を掛け合い全力でやりきれた経験が何度もあります。本当に厳しい練習だったからこそ、やり切ったあとに「おつかれ」「がんばった」と泣き合ったこともあります。<br><br>この経験から、チームワークの大切さや、チームで何かを成し遂げる喜びを学ぶことができ、その後もチームとして何かに挑戦するときに活かされています。,理想の自分になる,私の理想の人物像は、人から好かれ頼られる立派なシステムエンジニアです。<br><br>私自身、ありのままの自分が好かれることや頼ってもらえることは、何よりも嬉しいことですし、もっと頑張ろうと思える原動力にもなります。「立派」というのは、エンジニアとしての技術力はもちろん、チームをまとめるリーダーシップ力、関わりやすいと思ってもらえるようなコミュニケーション力、急な変化に対応できる柔軟な対応力であると考えています。<br><br>今はこれくらいしか思いつきませんが、まだまだたくさんあると思います。理想の自分になるために、まずは目標にしたい人を見つけ、その人の良い部分を真似て吸収する、ということを繰り返して、自分が目指す人物像に少しずつ近づいていきたいと思います。
直感と人柄,就活をしている最中、なかなかここに行きたいという会社に出会えずにいました。私に合う会社は無いのではないかと不安に感じていましたが、シアトルのホームページを閲覧した際に直感でこの会社は私に合っている、入社したいと思いました。<br><br>なぜかというと、サイトに載っている言葉にたくさんの共感を得ることが出来たためです。実際に説明会に参加し、社員の方とお話していく中で、さらに沢山の言葉に共感し、入社したいという気持ちがより強くなりました。先輩社員の方々は、他のどの会社よりも私の就活の話や、将来の話を親身になって聞いてくださりました。選考進めていく上で、不安なことも相談しやすく、あまりにも私に寄り添って話してくださるので、まだ内定を頂いていないのにも関わらず、もう社員になったかのような気持ちになりました。<br><br>そこで、このような方々と一緒に働いたら、仕事を楽しみつつも、全力で頑張ることができるのではないかと思いました。そのように思うことが出来る素敵な先輩方との出会いと、直感で入社したいと感じた私の気持ちを大事にしたいと思い、シアトルへの入社を決めました。,目標達成とは別に、人のために頑張りたい,私は大学で、ある商店街の更なる地域活性化のために、イベントの企画・運営を行う活動をしたことがきっかけです。<br><br>その活動では、実際の企業の方々に協賛していただくことも多くあったため、プレッシャーを常に感じていました。私はリーダーを担っていたので、私自身が失敗したら全体が壊れてしまうのではないかという不安に押しつぶされそうになり、投げ出したくなることもありました。しかしそのような時には、必ずチームメイトがそっと手を差し伸べてくれました。相談に乗ってくれたり、不安な気持ちを少しでも無くせるようにと楽しませてくれたこともありました。<br><br>そのようなメンバーの優しさを感じるたびに、イベントを成功させることだけでなく、このメンバーのために最後まで走り切りたいと思うようになりました。そして、チームメンバーも、私のために走り切りたいと言ってくれました。互いを大切に思い、チームが好きだからこそ、そういった気持ちになれたのだと思います。このような経験を重ねる中で私はチームワークを大切にしていきたいと思うようになりました。,繋ぐ,大学で行った商店街の地域活性化のための活動は私にとって、人生の財産であると思える経験を沢山しました。それと同時に数えきれない街の方々にお世話になりました。その街の方々に恩返しをすることが私のこれから叶えたいことです。<br><br>これからの時代ITは必要不可欠であり、誰もが知識を持つべきだと言われていますが、実際ITはまだまだ普及しきっていないことが多く、知識不足で分からないことだらけの人が多くいます。特に、商店街など個人が集まるコミュニティではITを導入することは中々困難だと、大学時代の活動を通し痛感しました。導入したとしても、知識がある人が少ないので、継続して活用することや改善していくことはより難しいと思います。そのため、私はもっと街の活性化とITが融合していけたら面白いと思います。それは街の方々も望んでいるのではないかと思います。<br><br>いつかその目標を達成するために、シアトルでは人脈を広げ、沢山の知識を吸収したいです。人としても成長していき、恩返しへの道を作り上げていくことがシアトルでの夢です。
働いている自分,私がシアトルに入社を決めた一番の理由は「働いている自分」が想像できたからです。<br><br>初めは安定した生活がしたいという一心で、大手に勤めることしか考えていませんでした。ですが、多くの面接で「この会社に入って何がしたい？」という問いに、心からこれがしたい！と思えるものがなく、ありきたりなことをただ答えるだけで、就活自体にどんどん嫌気がさす日々を送っていました。<br><br>そのような状況の中、ある就活イベントの席でシアトルと出会いました。説明会や面接を重ねるにつれて、事業内容や将来のビジョン、日々の業務に至るまで、シアトルで働くイメージがどんどん沸いてきました。このように、働いている自分が想像できたことが入社を決めた一番の理由です。また、シアトルの人の良さや雰囲気も入社を決めたもう一つの理由です。面接で出会ったどの社員の方も、自分の話をしっかり聞いてくれた上に、私の長所がシアトルでどう活かすことができるか具体的に教えていただきました。<br><br>このような経験は、就活を通してシアトルが初めてでした。このことから、自然とシアトルが第一志望の会社となり、内定を頂くことができたため入社を決めました。,適材適所,中学2年生の時、所属していたサッカー部でBチームの監督をしたことがきっかけです。<br><br>Bチームとはサブ組が中心となった、いわばセカンドチームのことです。Bチームの練習や試合内容は顧問が見る機会が少なく、モチベーションの維持が難しい状況でした。私は元々、サッカーの戦術に興味があったので、顧問に頼み込んでBチームの練習から試合まで、見させてもらうことになりました。当たり前のことですが、部員一人一人違ったプレースタイルがあり、得手不得手があり、調子に波があり、モチベーションにも差があります。私はそれぞれの状態を、練習や試合、話し合いの中で探ろうと自発的に動くようにしました。最初はかなり苦戦しましたが、一人ひとりの状態を理解するにつれて、チームに合う戦術やフォーメーションを考案することができ、勝率を各段に上げることができました。<br><br>この経験をきっかけに、高校や大学の部活においても、普段のコミュニケーションからメンバーを理解することに努め、「適材適所」を意識した組織を作り、チームワークを発揮することができたと思います。,サッカーチームの経営,シアトルで叶えたい夢は、大きく二つあります。<br><br>まず一つ目はサッカーチームを経営することです。シアトルにはチームの状態を可視化することができるStarTeamという自社サービスがあります。そのStarTeamに、サッカーに特化した機能を導入したいです。チームに何が足りていないか、何を直せば良いかを可視化することで、チームを支援し、いずれ J1リーグで躍動することを夢見ています。<br><br>二つ目の夢は、チームの経営で得たノウハウを様々なスポーツに応用し、チームワークの素晴らしさや可能性を日本、そして世界に伝えることです。無謀に思うかもしれないほど大きい夢ですが、実現できる可能性はあると思います。<br><br>これらの夢を叶えられるよう、日々精進して一歩一歩地に足をつけて頑張っていきます！
社員の方々が優しい！挑戦させてもらえる組織風土がいい！,私は大学で自然科学系を専攻しており、ITの分野にはあまり触れてきませんでした。そんな自分を雇ってくれる企業はあるのか、IT業界での就職を目指していた自分には正直不安でした。<br><br>しかし、選考や面談を通して、自分の経験や考えを正直に社員の方々に話す度、「シアトルでは入社して初めてプログラミングを始めたという人も毎年少なくない。挑戦し、頑張るのは自分だが、真面目に頑張れば周囲も応援してくれる。だから、心配し過ぎることは必要ないよ。」と声をかけてもらい、少し自信を持つことができました。<br><br>シアトルに入社を決めた理由はもう一つあります。<br><br>実際に選考中にオフィスを訪問した際、印象的に残ったエピソードがあります。それは通りすがる上司に、何かを相談しようとした部下に対し、上司は足を止め、小さなソファーに隣同士で腰掛け、丁寧に対応していたことです。この一瞬の光景から、シアトルの社員の方々の誠実さと心の温かさを垣間見て、この会社で自分も頑張りたいと思うようになりました。<br><br>等身大の自分を受け入れてくれ、頑張る人を応援し、困ったときはお互い助け合う。これほど素晴らしい成長環境はないと思い、私はシアトルに入社を決めました。,大学の委員会活動と経営組織論への興味,持続可能な開発目標(SDGs)を軸として活動する大学の学生委員会での経験がきっかけです。<br><br>SDGs自体、あらゆる社会問題に対する取組において、全てのステークホルダーの参画が求められていることから、委員会活動には地域社会の事象に対して多角的な視点が求められていました。当時の委員会は15人と小規模ではありましたが、組織として機能するために、日頃からメンバーの意見を互いに尊重し合い、また役割を明確にし、相互に協力し合うことを各自が意識していました。結果として、留学生と海岸清掃をしたり、互いの国の環境問題についてディスカッションをしたりしつつ、他大学との交流も深め、活動の範囲を以前より広めていくことができました。<br><br>その他にも、組織としての潜在能力をより引き出すために、経営組織論の授業を受講したり、ホラクラシー組織に関する本を読むなどして、当時の委員会をフラットな組織形態へ移行することに注力していました。<br><br>その中で、多様性に富んだメンバーのいる組織として、プロジェクトを成し遂げたときに、組織や個々のメンバーに対して存在意義やありがたみを感じ、相互の尊重と協働というチームワークの要となる考え方を大切にするようになりました。,アメリカへの挑戦,シアトルでやりたいこと、成し遂げたいこと、考えれば考えるだけ思い浮かびますが、何としても実現したいのは、その社名の通りアメリカのワシントン州シアトルに支社を持つことです。<br><br>自分自身、これまでアメリカやニュージーランドで働いてみて、当時の日本での経験と比べて、どちらの国もチームの中で個性を発揮し、皆がイキイキと働いている印象を受けました。もちろん、個性豊かなだけでなく、協調性もあり、職場の皆が高いモチベーションで働いていて、あのチームの結束と高いパフォーマンスの維持のための習慣やその手段・仕組みには、今も興味を抱いています。<br><br>また、アメリカに関しては、所謂「GAFAM」などの巨大IT企業が立ち並び、他方、幸福学や経営組織論の先端を常に歩んでいるイメージがあり、今後シアトルでキャリアを進めるうえで、目が離せない地として捉えています。<br><br>アメリカ進出については、代表の京和さん自身も成し遂げたいと考えているそうなので、今後のTeamTechの発展も踏まえ、入社後は、日々情報を入手しながら、日頃の業務を通してエンジニアとしての力をつけ、この大きな挑戦に何とか自分自身も加担したいと闘志を燃やしています。
私もこんな人になりたい,私がシアトルに入社を決めた理由は、選考で関わって下さったシアトル社員の人柄です。<br><br>就職活動中にコロナ禍になり、選考も厳しく、沢山の企業の説明会や選考を受けました。その中でも、シアトルに入社決めるきっかけとなった理由は二つあります。<br><br>一つ目は、面接などを通して関わった方々が、私がシアトルに入社してからやりたいことに共感し、寄り添って話を聞いてくれたことです。選考を受ける中で、多くのシアトル社員と話をする機会を頂きましたが、話している中で社員の方一人一人に魅力を感じ、その人柄に惹かれました。それと同時に、私もシアトルに入社してこんな人になりたいと強く思いました。<br><br>二つ目は、チームワークを大切にしているという点です。私は就活の軸の一つとして、会社が一つのチームとなって切磋琢磨し合える環境があるということを置いていました。そのため、シアトルの説明会に参加した際、｢ここだ｣という感覚を強く感じたことを鮮明に覚えています。,初めてのリーダー経験,私のきっかけは｢アルバイト｣です。<br><br>大学に入ってアルバイトを始めた当時、先輩に教わってばかりだった私が、気が付くと後輩に教える立場になり、チームリーダーを任せて頂きました。今までリーダーという立場で仕事を行うことがなかったので、初めは不安でしたが、リーダーとしてチーム全体を見ていくうちに、私の中で大切にしたいと思うポイントが少しずつ出てきました。<br><br>その一つが｢チームワーク｣です。業務を行っていく中で、どうしても一人では乗り越えることが出来ない壁に多く当たりました。その際に、チームの仲間と話し合って改善策を立てたり、実践して解決していくうちに、｢チームで課題を解決していく楽しさ｣を実感しました。そこで、このチームで課題を解決していく楽しさをチームのメンバーにも感じてもらいたいと思い、ミーティングの場を設け、チームの誰もが課題に対する改善案を提案できるようにしました。それにより、今まで以上に一人一人が主体的に業務に取り組んでいる様子が見られ、活気に溢れているように感じました。<br><br>この経験が、チームワークを大切にしたいと強く思うようになったきっかけとなりました。,自分がなりたい自分へ,私がシアトルで叶えたい夢は、｢なりたい自分になる｣ことです。私の｢なりたい自分｣とは、大きく分けて二つあります。<br><br>一つ目は、影響力のある人になることです。人から貰うばかりではなく、人に影響を与えることができる人になりたいです。私は人生の中で支えてもらったり助けて貰うことが多くありました。そのため社会人では、仕事は勿論、プライベートでも、周りの人に良い影響を与える人になりたいと考えています。<br><br>二つ目は、自信を持てる自分になることです。今はまだ未経験なこともあり、自信が持てない状態ですが、その分成長や伸び代もあります。物事をプラスに考え、一つ一つ真剣に向き合って乗り越え、着実に力を付けて自信にしていきたいです。<br><br>これから色々な経験をし、壁に当たることもあると思いますが、なりたい自分になる為に、努力を惜しまず、何事にも本気で打ち込んでいきたいです。そして五年後、十年後「なりたい自分」から「誇れる自分」になれるよう、人との縁を大切にし、感謝の気持ちを常に忘れないようにしていきたいです。
若手社員が活躍できる環境！,シアトルで選考を受けていた時に最も感じたことが、若手社員が活躍している・応援する姿勢が整っているということでした。<br><br>私は選考を受ける際、どの会社でも必ず「若手社員に新しいことをやらせてくれる・任せてくれる環境はあるのか」という内容の質問をしていたのですが、シアトルの先輩社員の方が「これをやってみたい、と伝えれば絶対に背中を押してくれるし、好きにさせてもらえるよ」と自信を持っておっしゃっていたこと、役員クラスの社員の方も「失敗すれば上司が責任をとるし、その時に一緒に考えるからとりあえず何でもやってみればいい」とおっしゃってくださったことが強烈な印象としてずっと残っていました。<br><br>それに加え、説明会でも社員さん同士の仲の良さが垣間見えるほど、アットホームな雰囲気が漂っていたことも決めての一つです。最終的には社員の方々がかけてくれた言葉が決め手となり、入社を決意しました。,部活の夏合宿,これまでの人生の中でチームワークが必要だったことは何度もあるのですが、最も大きなきっかけは、部活における夏合宿での経験だと思います。<br><br>私はテニス部に所属しており、毎年夏休みには4泊5日で合宿に行っています。毎年宿舎が見えてくる度に、どうして参加してしまったのか後悔し、何度も帰りたいと思うほど本当に厳しい合宿でした。しかし、それでも何とか乗り越えられてきたのは、学年を超え部活のメンバー全員で支え合い、励まし合い、助け合ったからこそでした。合宿は自分だけではなく全員が等しく辛い日々を送ります。どうしても苦しく、投げ出したくなる瞬間も多々ありますが、自分が辛い時ほど仲間の状態を気にして声をかけたり、ボール拾いを手伝ったりと自分がギリギリの状態の中でもメンバーへの思いやりを皆で意識し、実行していました。<br><br>その結果、4月から夏合宿までは個が集まり固まっていたような状態から、メンバー全体で1つの個として動けるようになり、部活の雰囲気がとても良くなっていきました。自分が部活を通し、皆で一体となって乗り越えたこの経験が、チームワークを大切にするきっかけとなっています。,目先の先入観に囚われない人間になりたい,人はやったことがない・知らないことに対峙する時、自己のこれまでの経験や、勝手な先入観で物事を図ってしまうことが多くあるのではないかと思います。ですが私は、目先の先入観に囚われず、多角的に物事が考えられる人間になりたいと思っており、夢として掲げています。<br><br>私がこの人物像を実現させるためには、自分とは全く異なる価値観を持つ人と多く関わったり、他種多様な仕事にチャレンジしてみることが必要なのではないかと考えています。そしてシアトルにはその環境が整っているのではないかと強く思っています。<br><br>現在、内定者の人たちと話しているだけでも、シアトルには様々な個性を持った人や考えを持つ人がいることがよく分かります。そんな自分とは違う個性や考えを持つ人達がいる会社に身を預け、様々な人と共に仕事をしては多くの影響を受け、考えを吸収し、人との関わりや経験の中で自分自身を洗練させていきたいです。
衝撃と感動,シアトルに入社を決めた理由は、TeamTechへの共感と社員の方々の人柄です。<br><br>就活を始めた私は自分のやりたいことが分からず、業界や職種を絞らずに選考を受けていました。そんな時、シアトルコンサルティングに出会い、チームワークを可視化できるTeamTechの技術に衝撃を受けました。さらに選考に進む度、シアトルの魅力に惹かれていきました。<br><br>最終面接で初めて本社に伺った際、今までオンラインで説明会や面接、面談をして下さった方々がわざわざ声を掛けて下さり、とても嬉しかったのを覚えています。そのおかげで緊張も少しほぐれ、リラックスして最終面接に挑むことができました。<br><br>面接で実際に京和さんとお話した際にその話をすると、他社ではしないんだという風に少し驚かれていました。それくらい当たり前のようにみなさんが動いているんだなと思い、本当に素敵な会社だと心から思いました。TeamTechの技術だけでなく、社員さんや京和さんの人柄に惹かれ、絶対にここで働きたいと強く思いました。,習い事での仲間との時間,私は習い事を通して、チームワークの大切さを身をもって実感しました。<br><br>私が小学一年生から習っていたスポーツは、チームで行う競技でした。小学生の頃は自分にも周りにも素直になれず、独りよがりになり、チームに馴染めない時期もありました。そんな私でもチームのメンバーは受け入れ、一緒に練習してくれていました。高校生になってチームを引っ張っていく立場になり、視野を広げた時、チームワークの重要さを改めて実感しました。私のチームは中学生から社会人までと年齢層が幅広く、考え方も実力もバラバラだったので大変なこともたくさんありました。<br><br>しかし、年齢関係無く辛い時には支え合って励まし合い、互いに良きライバルとなって成長することができました。それは、みんなが同じ目標に向けて行動できていたことと、何よりその目標をこのメンバーで達成したいという気持ちが強くあったからだと思います。<br><br>そのため、どんなことがあっても相手と向き合って受け入れることで、チームワークを高めることができました。私にとってメンバーと過ごした時間は、自分を成長させてくれた時間でもあり、チームワークの素晴らしさを体感させてくれた時間でした。,笑顔が溢れる社会に,私の夢は、少しでも多くの人が笑顔で過ごせるようにすることです。<br><br>今まで、人間関係で悩むことが多くありました。自分一人で悩んだり、他の人のことまで考え過ぎてしまって、変に気を遣うこともありました。そんな時に、話を聞いてくれる人は私にとって大きな救いでした。学校の友達や習い事の仲間などと、自分の気持ちを素直に話したり相手の想いを受け入れることで、笑顔が増えていきました。人とコミュニケーションを取る上で悩んでしまう場面がある人は沢山いると思います。私はそういう人たちを減らし、楽しく過ごしてもらいたいです。<br><br>そのためには、TeamTechが必要だと思っています。いつかはTeamTechを社会に浸透させ、多くの人がコミュニケーションや人間関係で悩まずに済むようにしたいです。そして、多くの人が笑顔の時間を増やせるようにしたいと思っています。私にとってTeamTechは希望です。TeamTechで明るい社会にすることが私の夢です。
チームワークの力で、日本で働く人をイキイキさせたい！,私は、小学4年生の時に尊敬していた叔父を不慮の事故で亡くしました。この日から叔父の分まで後悔なく生きようと心に決めました。しかし、周りの大人を見てみると愚痴や不満など、生きていくことに対して希望を持っている人が多くありませんでした。そこから、周りで働いている人を楽しくするためにはどうすればいいかを考えるようになりました。<br><br>私は、声に自信があったので、企業研修のセミナー講師なども視野に入れていました。しかし、セミナー講師には欠点があると考えています。それは、セミナー講師に依存してしまうことです。そのため、セミナー講師が居なくなった際に、途方に暮れてしまう人が出てきてしまうのではないかと思うようになりました。<br><br>そこで、人ではなくシステムに依存することによって永続的にモチベーションを保つことで、生産性を上げることが出来るのではないかと考えるようになりました。今まで、自分が大切にしてきたチームワークをベースに、日本で働く人がもっと楽しく生きられる世界を作りたいと思い、シアトルに入社を決めました。,チームワークの力で1を10や100に,私はチームスポーツで成果を上げてきた経験をきっかけに、チームワークを大切にするようになりました。<br><br>私は、幼少期から野球やサッカーなどのチームスポーツを行ってきました。中学の時に私が所属していたサッカーチームでは、誰か一人、特段上手い選手がいたわけではありません。しかし、守るのが上手な人・攻撃を仕掛けるのが上手な人・チームの士気が下がっているときに声を掛けて鼓舞する人など、それぞれが自分の得意不得意を認識し、チームとしてお互いの力を補うことによって１が10になったり、100になることで試合に勝てるようになっていきました。試合で勝ちたいという想いをチームの全員が持っていたから、互いに補い合うことが出来たのだと思います。<br><br>この経験から、自分個人で何かを成し遂げるよりも同じ想いを持った仲間と一緒の方が、より大きな成果を上げることが出来るのだと学びました。,TeamTechで働く人をイキイキと！,シアトルで叶えたい夢は、TeamTechをもっと世の中に広めることです。日本中の働く人を愚痴や不満ばかりで仕事をするのではなく、心の底から仕事が楽しいとイキイキさせたいです。<br><br>今までの私が属していた組織での人に対する評価は、個人の主観に偏ることもあり、全員が公平に評価されていたかというと少し疑問が残るような状態でした。この可視化出来ていなかった組織の状態をTeamTechで可視化することによって組織の課題を明確にし、生産性を向上することが出来ると考えています。<br><br>私は、組織の状態を客観的に評価できる指標を基に個人のモチベーションを向上させたり、成果を出すための最適な施策を出せるシステムを開発し、組織の状態で困っている様々な会社のサポートを行っていきたいと思います。シアトルコンサルティングのTeamTechを使うことが日本で当たり前になった時、日本の働く人がイキイキ出来ると信じて、これから精進していきます！
人柄,シアトルに入社を決めたのは、シアトルの社員の方の人柄の良さに魅かれたからです。<br><br>今まで沢山の人に出会って、沢山の人から影響を受けて生きてきました。これから社会人になるというときに、どんな人と働くのかということを就活で大切にしていました。他社の選考も受けていましたが、この人達と一緒に働きたいと強く思ったのがシアトルでした。選考中に、先輩の社員の方とお話をする機会があり、その社員の方が自分の苦手な分野の仕事で困っていた時に、周りの方が進んで協力してくれたおかげで乗り越えられたというエピソードを聞きました。仕事をしていく中で、自分が大変な状況でも他の人が困っていたら助けてあげられる、そんなところがとても温かくて素敵だなと感じました。<br><br>シアトルの選考を受けていくにつれ、人柄の良さ、チームワークを大切にしているところなど、一人一人にとても魅力を感じました。選考では沢山の方とお話したわけではありませんが、こんなに思いやりのある、素敵な社員の方が沢山いる会社にワクワクしました。<br><br>私もシアトルで、こんな素敵な人たちの中で成長したい、自分を磨きたいと強く思い、入社を決めました。,新体操競技部の発表会,私がチームワークを大切にするようになったきっかけは、新体操競技部の発表会でした。<br><br>私は大学で新体操競技部に所属していました。部員は80名近くいるとても大きい組織で、毎年チケットを売り、観客を3000人くらい入れて発表会をしています。この発表会を成功させるには一人だけが頑張っても意味がありません。沢山の部員が協力し、仕事、演技などさまざまな面で努力が必要です。発表会は会場の設営、チケットの販売、演技作りなど、何から何まで自分たちで作り上げます。それぞれにやるべき仕事があり、1時間近くある演技も自分のミス一つで発表会を台無しにしてしまうほど、責任があります。一人一人の力が小さくても協力すればこんなにも大きな発表会が開催できます。発表会が終わった時、部員全員で努力した分とても達成感があり、一人では絶対にできなかった、沢山の人の協力があって成功できたと実感しました。<br><br>誰か一人でも努力を怠っていたら、発表会に向かう気持ちがバラバラだったら、成功はなかったと思います。また、仲間同士で沢山フォローしながら、仲間のために、それぞれの役割を全うしたからこその成功だったと感じ、チームワークの大切さを実感しました。,世界中の人を幸せにする,私がシアトルで叶えたい夢は、自分たちが作りだしたもので世界中の人を幸せにすることです。<br><br>私は幼い頃から新体操を続けてきました。その中で、沢山の人に演技を披露し、喜んでもらえた経験があります。自分たちの作りだした演技で観客が喜んでくれること、幸せになってくれることに喜びを感じ、社会人になってからはより多くの人を幸せにできるようなことをしたいと考えています。<br><br>ITには無限の可能性があり、世界に発信できるものだと思います。シアトルには素晴らしいチームワークや人、TeamTechなど、とても魅力的なものがあります。そんなシアトルの魅力を世界中に広めていくことで沢山の人を幸せにすることができると思います。「世界中の人を幸せにする」というのは漠然としていますが、そのような世界に発信できるようなモノづくりをするには技術、知識、経験は必要不可欠です。<br><br>まずはエンジニアとしての経験積み、知識や技術を身につけ、いろいろな人と関わっていく中で、日々学び、多くのことを吸収し、成長していけるように努力したいと思います。そして、世界中の人を幸せにすることができるモノづくりを実現したいと思います。
自分の強みに気づかせてくれた,私は小さい頃からサッカー一筋でした。プロを目指していましたが、その夢が難しくなってからは教師を目指しました。しかし、今教師になっても自分が理想とするような教師にはなれないのではないか、一度社会に出るべきだと考え就活を始めました。<br><br>「やりたいことって何だろう。自分にはやりたいことがたくさんあると思っていたけど、真剣になると意外にも見つからない。どんな会社を見てもなんかしっくりこない。なんでサッカー選手になりたかったのだろうか。歌手にも憧れたな。小説家もいいな。」<br><br>私はきっと自分らしさや感情を表現して、誰かの心を動かしたかったのだと思います。そんな時、たまたまシアトルを知りました。「チームワークで世界を動かす」「チームの状態を可視化する」そんな言葉から、チームという表現方法もあるのかと思いました。過去の自分を振り返ると、チームをまとめるということで自分らしさを表現した経験がありました。<br><br>実際に説明会に参加すると、社員の方々の雰囲気が魅力的で、面接でもありのままの経験に共感してくださり、ここなら自分らしく居られるのではないかと考えました。京和さんは面談の時間をとってくださり、自分の良さはシアトルで生かせると後押ししてくださいました。<br><br>自分の強みであるチームをまとめる力で表現したい、これがシアトルに決めた理由です。,高校サッカーでの奮闘,私は、高校サッカー部でキャプテンを務めた経験から、チームワークの大切さを学びました。<br><br>私の高校のサッカー部は例年、県大会でベスト4に入るチームでした。しかし、私がキャプテンになった年、春夏の両大会を県ベスト16で敗退してしまいました。私自身レギュラーでなかったことから自信もなく、チームをまとめることができていませんでした。試合でも選手一人一人が好き勝手にプレーしており、チームはバラバラでした。<br><br>危機感を感じた私は、夏の大会後、一人頭を坊主にして学校に通いました。チームは監督や試合に出ている人の考えを重要視する雰囲気があったため、部員一人一人が考えていることを共有するよう改善し、目標や意識を統一していきました。夏の苦しい練習を乗り越えた頃、部員全員が坊主頭になっており、チームも一丸となっていました。<br><br>その結果、秋の大会では8年ぶりの準優勝という結果を出すことができました。監督からは「サッカーが特別うまいわけじゃないけど、誰よりも仲間のことを考えられる、まさにお前みたいなチームだった。」と言われ、とても嬉しかったことを覚えています。<br><br>チームワークの大切さや自分のアイデンティティがチームにあることがわかった体験でした。,TeamTechを教育分野で形にする,最終面接で教育に興味があると伝えた際、京和さんは今後TeamTechを教育の分野に応用していきたいと沢山話してくださいました。<br><br>「チームワークを高めるには絶対リーダーシップが必要だから、リーダーシップの教育をやっていきたいんだよね。TeamTechで世界を動かすというミッションを目指す過程で得られたリーダーシップのノウハウを、世の中に向けて発信できるようになったら面白くない？」とそんなことを話してくれたと思います。これを聞いたとき私は、シアトルでこれを形にしたいという気持ちが高まりました。<br><br>いつかシアトルから日本を引っ張っていくようなリーダー、人生を豊かにするリーダーシップを持った人材を輩出できるよう、まずは会社に貢献し、TeamTechを世の中に発信していきたいです。そして自分自身もリーダーシップを高めるために日々努力していきます。
「ひと」と「考え方」,シアトルに入社を決めた理由は二つあります。  <br><br>一つ目は「人」です。  就職活動中に出会った全ての企業の中で、最も働いている方たちを魅力的に感じました。シアトルの社員さん方が活き活きしており、  会社が好きだという気持ちをもっていることを学生ながら感じました。  皆さんシアトルの企業理念と、個人で持つビジョンのどちらも大切にしており、社員さん同士もそれらを尊重しあっている会社だと思います。 <br><br>二つ目は「MISSION」そして「VALUE」に共感をしたことです。シアトルは「TEAMS」という行動指針をもっています。「Thanks」「Engine」「All」「Masterpiece」「Stock」の心をもつという考え方に共感しました。入社前に社員の方と関わっていく中で、皆さんが常にこの考えを大切にもち、組織で浸透していることがわかりました。<br><br>尊敬できる、一緒に働きたい「人」たちと、組織が大切にしている「考え方」、この2つに共感できたことから私はシアトルに入社を決めました。,後悔から学んだこと,中学生の時に所属していた吹奏楽部での経験がきっかけです。 <br><br>当時部員たちの関係性は全体的に良好ではなく、最後のコンクールでは決して満足のいく結果を残すことができませんでした。部員が同じ方向に向くことができていなかったことが原因ではないかと今の私は考えています。<br><br>一方、学校のイベントやアルバイト先では、チームワークがあったからこそ達成できた経験をたくさんしました。<br><br>「本番までにいいものをつくろう」「皆で1位を取ろう」「お客様のために良いものを提供しよう」などメンバー一人一人が同じ方向を見て本気で取り組んだ時に、個人では達成できないものを得ることができると実感しました。また、そういった活動を通して仲間たちと関係を深めることができました。<br><br>もし吹奏楽部に所属していた時チームワークの大切さを知っていたら…と後悔をするときがあります。しかしその経験とチームワークを感じた経験の両方があるからこそ現在、チームワークの大切さ本気で感じることができています。<br><br>Team21の皆と最高のチームをつくりたいです！,挑戦,「常に成長と挑戦をし続ける」という目標があります。<br><br>私は内定が決まる前にシアトルでインターンをさせて頂きました。そこではまだ入社も決めていない学生である私に沢山の挑戦をする機会を与えてくださいました。 <br><br>至らない点が多い企画やプレゼンを何度もしましたが  社員さん方は私達ときちんと向き合ってくれました。インターン中に社員さん方・同期達・就活生など多くの人達のおかげで叶えることができた活動があります。一人では何もできず、途中で諦めていたと思います。しかし同時に、機会を与えてくださったのにもかかわらず、挑戦できなかったこともいくつかあります。<br><br>この目標は就活時から持っていた目標ですが、インターンを通して改めて周りの環境・人たちに感謝を忘れず、会社・仲間そして自分のために妥協をせず何事にも挑戦をして成長し続けようと決心しました。
なにをやるかより、誰とやるか,私がシアトルを選んだ理由は「人」です。<br><br>初めて説明会を受けたとき、採用担当や先輩社員が話している雰囲気に一目惚れしました。説明会の中でシアトルについての話で盛り上がる空気がとても魅力的でした。ITの知識や経験がない自分でも、「シアトルだったら頑張れそう！」と思えた瞬間でした。<br><br>なにをやるにしても、自分が楽しめる環境であるかどうかは、とても大切だと思います。そして環境とは自分も含めた「人」がつくるものです。自分が苦手なことであっても、周りと楽しみながらであれば絶対に成長できます。<br><br>どの企業に入社するにしても、業務は選べないかもしれませんが、共に働く仲間は選べます。シアトルの仲間たちと一緒なら、何でもできそうな気がします。入社前のチーム課題ですでに実感しています。<br><br>チームワークを売りにしている企業のチームワークが悪いわけがありません。全くの未経験であるからこそ、支え合いたいと思える「人」がいるシアトルへの入社を決めました。,パン屋の売上を上げてくれ！,大学3年生の時、飲食店を何店舗も経営されている社長にそう言われました。マーケティングのゼミに所属していた私は、産学連携を通じて、飲食店経営の難しさと共にチームワークについても学びました。<br><br>幼少の頃からサッカーをしていた私は、チームビルディングが得意だと自負していました。サッカークラブや部活であれば、全員の目標は一致しています。しかしゼミにおいては、学びに対する意欲に差があり、産学連携への熱量には大きな個人差がありました。最初はただのゼミ仲間から始まり、共通の目標設定や、注力する動機づけなど、「集団」から「チーム」に転換する事がいかに難しいことか、毎日のように痛感しました。<br><br>全員が同じ方向を向き、チームワークを発揮するようになってからは、ほとんどの事が上手く進むようになりました。ほぼ毎日、駅前でアンケートを100人以上に配り、土日は地域のフェスに参加するなど、とても大変でしたが、チーム全員が当事者意識を持つことで、乗り越えることができました。<br><br>このように産学連携を通じて、チーム形成と発展の重要さを学びました。サッカークラブのような、ある程度のまとまりがある集団ではなく、ゼロからのスタートであったため、チームでの活動が上手く進むと大きな喜びを得ることができました。,ちょうどいい社会,特に良いことはなかったが、悪いこともなかった1日。それって、結果的には良い1日だと思いませんか？人間の悩みのほとんどが人間関係によるものだと私は考えます。しかし、その悩みを解消するのも人間関係によるものです。<br><br>本題に戻りますが、「ちょうどいい社会」とは、皆が納得して生きやすいと思える社会であると考えます。不満が少なく、全員がより良い社会を目指す世の中です。そんな心理的安全性が高く、全員がリーダーシップを持つような環境をシアトルで作りたいと考えます。まずは会社内から、そして社会へ。チームワークが秘めている力を、社会の全員が認知することで、今よりも生きやすい社会になります。またそれを広める手段として、ITには無限の可能性があるとも考えます。<br><br>例えば、日本の自殺者は年間で約2万人。全ての人をITで繋げ、新たに地方など、生きやすい環境を整えることで、日本の労働人口減少を遅らせることができると思います。また、同じような悩みを持った人たちだからこそ繋がりを持ちやすく、チームワークを発揮できることもあると考えます。<br><br>このように私はシアトルで、誰かが大満足できる環境ではなく、社会全体が納得できる「ちょうどいい社会」をつくれるようにしたいです。
熱い想いに惹かれて,「人」に惹かれて入社を決めました。<br><br>当時、シアトルの説明会に参加した際、何を仕事にするかではなく、誰と仕事するかという言葉に共感したことと、元々直感を大事にしてきたこともあり、ビビッときた自分の直感を信じ、選考にチャレンジしました。<br><br>説明会の中で、「モチベーションは仕事に大きく影響を与える」という言葉が印象的で、京和さんを始め、シアトルの方々の仕事や仲間に対する熱い想いが伝わりました。良い影響を与え合える仲間と働ける環境があると思い、シアトルの一員になりたいと考え、入社を決意しました。<br><br>さらに、面接での質問や会話を通し、ありのままの私を知ろうとして下さったことが伝わり、チームや仲間を本当に大切にしているんだと感じたことも決め手の一つでした。<br><br>現在はシアトルで働く先輩方や同期と徐々に関わってく中で、シアトルに入社を決めて良かったという気持ちでいっぱいです！,チームに考えさせられた経験から,大学でのダンス活動が一番のきっかけとなりチームワークを大切にするようになりました。<br><br>大学三年時に、出演するダンスイベントに向けて作品作りをしました。私はリーダーを担っていたため、約50人をまとめるという今まで体験したことのない新しい事への挑戦をしながら、より良い作品を作るという目標を置いていました。しかし終盤に差し掛かり、プレッシャーや切羽詰まった状況からメンバーや私自身も気持ちに余裕がなくなり、チームの連携がうまく取れない時期がありました。<br><br>私はどちらかというと、あまり考え事をしないタイプだったのですが、初めてチームの為に何ができるだろうと沢山悩み、考えさせられました。<br><br>その状況の中で本音で話し合い、支えてくれたのがチームメンバーでした。お互いに信頼し合い、高め合えるメンバーを私は誇りに思い、とても幸せな環境だと気付くことができました。<br><br>この経験をきっかけに、チームワークの素晴らしさを学び、今でも大切にしています。,繋がりを作れる人へ,大勢の人がTeamTechを知るきっかけを作りたいです。<br><br>実は就活当時、『IT企業』に少し苦手意識を持っていました。しかし、シアトルでは、私が仕事をする上で大切にしたい軸の一つであったコミュニケーションを積極的に取り、一緒に働く人の関係性を非常に大切にしていることが、説明会や先輩方からのお話から伝わりました。このことから、ITのイメージが変わりました。また、当時では考えられない程、現在はITの実用性や将来性に魅力を感じています。私たちが普段何気なく使っている物にもITが活用され、私たちの生活がより豊かになっていると感じています。<br><br>それと同様に今はまだTeamTechを知らない人に、知るきっかけを作っていき、企業だけではなく、その家族などTeamTechを通して多くの人を繋げていきたいと考えています。
ここしかないと思った,「人」です！<br><br>私はこれまでのバイトで人間関係に悩まされ、バイトに行くことが億劫になってしまったことがあり、就活は「人間関係」を重視すると決めていました。<br><br>一次選考の際、私は文系だったので全く知識のないIT企業で大丈夫だろうかと不安もありました。初めての面接だったのですが、帰る頃には緊張を忘れるくらい楽しかったという思いが強かったのを覚えています。<br><br>面接では私のこれまでの経験や、やりたいことなどをとても親身になって聞いて下さり、私には何が向いているか一緒に考えてくださったのがとても嬉しかったです。<br><br>内定をいただくまでの間、１DAYインターンや選考の際に社員の方とお話する機会をたくさんいただき、社員の方々とお会いする度に人間性や仕事に対する思いに惹かれ「わたしもここに入社したい」という思いが強くなりました。また、年齢や性別に関係なく、とても楽しそうに仕事についてお話されていたのがとても印象深かったです。最終選考前から「わたしも絶対この会社の一員になりたい」と思うようになり入社を決めました。,チームでの失敗と成功,私は学生時代、学生団体に所属していました。そこでイベントを企画するチームに所属していました。年齢や性別、考え方も違い、なかなか意見が合わず、かなり苦戦したことをきっかけにチームワークについて考えるようになりました。<br><br>ある時、開催予定だったイベントを中止したことがありました。その時、実際に顔を合わせて話をすると、アプローチの仕方が異なるだけで、みんな参加者を楽しませたいという気持ちは同じということが分かりました。チームに会話が足りていなかったことから、それぞれが何を考えているのか分からなかっただけでした。それぞれの意見を持ち寄ることで話し合いも進み、納得のいくイベントを作り上げることができました。<br><br>一人で進める方が早いと思っていた時期もありましたが、チームで取り組むことで自分にない視点を得ることができ、いろいろな角度から物事を見られると感じました。<br><br>こうしたチームでの失敗と成功がチームワークの重要性を気づかせてくれました。,成長し続けられる人に,シアトルで叶えたいことは二つあります。一つ目はいくつになっても成長し続けられる人になること。二つ目はシアトルの一員として世界進出を果たしシアトルに支社を持つこと。これらを何としてでも叶えたいと思っています。<br><br>成長し続けられる人になるという点は、現状に満足せず何歳になっても新しい知識を得ることを楽しめる人になりたいという思いから生まれました。学生ではなくなったから勉強する必要がなくなるのではなく、学生ではなくなったから自分の好きなように自分の好きなことが勉強できるのだと思っています。その機会を最大限生かして、いつまでもアップデートを忘れずにいたいです。<br><br>そして、その過程でシアトルに支社を持つという取り組みに加わりたいと考えています。そのためにもシアトルという大きなチームで協力し合い、お互いに高めあっていきながら現状に満足することなく日々勉強に励みます。夢が夢のままで終わってしまわないように、上へ上へと成長し続けたいです。
なりたい自分に近づける場,入社を決めた理由は二つあります。<br><br>一つは、TeamTechの可能性を感じたからです。コロナ禍での就活は、直接企業に足を運ぶことが厳しく、実際の雰囲気なども感じ辛い状況でした。そのため、当時は直感的に感じたワクワク感をかなり大切にしていました。<br><br>TeamTechの話を初めて聞いた時、チームワークという目には見えないものを可視化するということに、胸が高なったことを今でも覚えています。入社を決めた今でも、働くことに対してワクワクできているのはシアトルだからなのではないかと思います。<br><br>二つ目は、充実した研修制度です。就活を始めてから、自分に自信を持って人に話せるようなスキルや経験がないことを痛感し、何か手に職をつけたいと考えていました。シアトルは、研修制度がしっかりしているため、プログラミング未経験の私にもエンジニアとして活躍できるチャンスがあるということにとても魅力を感じました。,講師として学んだチームワークの大切さ,きっかけは、大学生時代のアルバイトでした。私は四年間塾講師として生徒に勉強を教えてきました。その中で、校舎全体を一つのチームとしたチームワークの向上を目指していました。高校時代までは自分が率先して組織を引っ張るような経験がなく、チームワークを重視して行動するという意識があまりありませんでした。ですがこのアルバイト経験を通じ、後輩育成をしながら、社員さんの仕事をサポートするなど組織全体を見る目を養うことができたと感じています。また、様々な考えや意見を持つ人に出会う中で、組織全体の成長のために、一人一人が長所を活かして協力し合い、物事を進めていくことが大切だということを肌で感じました。<br><br>このアルバイトを通じてできた同期や後輩との繋がりは、卒業前にはこの場所を離れたくないと思うほどの財産となりました。<br><br>これまでに学んだことを活かして、今後も組織全体を見て行動し、チーム全体にいい風を吹かせられるよう頑張りたいです。,日常の些細な楽しみ、笑顔を創造したい,叶えたい夢は二つあります。<br><br>一つは、働く人の笑顔を増やせるようなサービスに携わることです。私の父は出勤前、いつも嫌そうな顔をしているのが印象的でした。そんな姿を見て「ああ、自分達を養うためにそんなに無理をさせてしまっているのか」と、悲しくなることが多くありました。父のように、生活のために自分の時間を費やしている人は少なくないと思います。そんな人の”働く”という時間をもっと豊かに、楽しいと思えるような時間にしたいです。<br><br>もう一つは、デザインもできるプログラマーになることです。大学で受けた色彩やグラフィックデザインの授業を通して、デザインに興味を持ちました。この夢を叶える為には、人一倍努力が必要だと感じているので、一日でも早くスキルの習得に努めます。一人前のかっこいい大人になりたいです！
TeamTechへの期待と可能性,TeamTechへの共感と、京和さんの熱い想いに胸を打たれ入社を決めました。（他にもたくさんありますが書ききれないので割愛させてください！笑）<br><br>面接官の人柄や、一人一人が熱意を持って働いている姿を魅力に感じ、選考を重ねる度に入社への気持ちが強くなりました。その中でシアトルに入社して「TeamTech」を広め、働くことの楽しさややりがいを伝えていきたいという想いが生まれました。チームの力や可能性を追求していく事で、やりたい事を叶えていけるかもしれないと思うと入社前からワクワクしています！<br><br>最後の決め手となったのは京和さんとの最終選考です。伺いたかったことだけでなく、包み隠さず京和さん自身の過去の話、未来の話をして下さりました。たくさん伺ったお話の中でも、私は「チームに懸ける想いの強さ」に圧倒されました。シアトルに勤めながら、働くことの楽しさややりがいを伝えていける人になりたいと思い、その場で内定承諾を決めました。,キャプテンとしての貴重な経験,私がチームワークを大切にしようと思ったのは、高校時代にテニス部のキャプテンを務めた経験がきっかけです。<br><br>私の高校のテニス部は推薦で入部するのが伝統になっていましたが、私たちの世代は推薦組が一人もいませんでした。キャプテンの重圧が強くなった高二の冬、監督が「個人よりもチームで勝てるのがお前たちの良い所だ。」と言葉をかけてくれました。この言葉に救われチームの良い所である「メンバー同士の仲の良さ」を再確認し、良いところを伸ばすチーム作りをすることを決めました。<br><br>部活後も練習相手を見つけて自主練を積極的に行い、結果として最後のインターハイ予選団体戦で県の第一シードを破り、東北大会に進む事ができました。仲の良い集団から、お互いを鼓舞しあえるチームに成長した経験は自分を大きくしてくれました。東北大会をかけた一戦では、メンバーが試合中に足をつるという苦しい状況もありました。しかし、スタンドから聞こえる仲間や保護者の大きな声援に応え、執念で勝利しました。あの瞬間の会場の一体感は今でも忘れられません。<br><br>このようにチームで勝ち切った経験から、苦楽を共有できる仲間の大切さを知り、チームワークを更に追求していきたいと思うようになりました。,経験と貢献,シアトルで叶えたい事はたくさんあります。<br><br>一番叶えたいことは、私自身が経営側で事業を動かし、シアトルに貢献していく事です。働く楽しさややりがいは、取引先だけでなく社内で関わる人にも伝えていきたいという想いがあります。その為にまずは「TeamTech」を企業間に広めて動く営業を軸として、とにかく結果にこだわっていき、チームのリーダーとしてメンバーに仕事の楽しさややりがいを伝えていきます。<br><br>また、社内には営業と人事を兼任されている先輩社員もいることから、自分次第で挑戦できる環境を活用し、積極的にチャンスを見つけて動いていきます！会社が飛躍していく時期ということも、シアトルに入社を決めたポイントの一つだったので営業で経験を積み、上場のタイミングには私自身が事業を動かし、シアトルに貢献していく存在として活躍をしていきます。<br><br>上記を叶えていき、最終的には新規事業、新支社の立ち上げなど会社が更に大きくなるタイミングで、経営側としてシアトルを引っ張っていく活躍を見せていきます！
シアトルの人の良さ,私がシアトルに入社を決めた理由は、シアトル社員の人柄の良さに惹かれたからです。<br><br>私は就職活動において、ITベンチャー企業を見ており、シアトルもそのうちの一つでした。<br><br>そのような企業の面接を受けていく中、初めは内定を貰いたいが為に、自分をいかに良く見せれば受かるのかということばかり考えており、本当の自分を隠しながら面接に臨んでいました。そのため選考を通過しても、偽りの自分のままでこの企業の選考を受け続けていいのだろうかと自分の中でとてもモヤモヤした気分になっていました。<br><br>それに対してシアトルで受けた面接では、今まで受けた他社とは全く異なっており、自分のことを知ろうとしてくれる気持ちが伝わったため、自分もそれに答えるように本音で全て話すことができました。それと同時に、シアトルの社員に対してとても良い印象を持ちました。内定を頂いた後も少し就活を続けていたのですが、同じ21卒の内定者と顔合わせをした際に、人柄もよく面白い人ばかりだと感じ、最終的にはシアトルの人柄の良さで入社を決めました。,フィリピンでのインターンで感じたチームワークの力,フィリピンの語学学校で働いていた時に、生徒の数を倍以上に増やしたことです。<br><br>私がその語学学校に来た当初は生徒の数がおよそ50人であり、まだまだ学校の規模としては小さいものでした。講師は全員がフィリピンの有名大学出身で、講師の質は高かったため、生徒が少ない状態が続くのが悔しいと感じました。そこで顧客の満足度を上げて生徒の数を増やそうと考え、既存の生徒にレッスンについての感想を聞き、その中で出た良い点や改善点などを、毎日のミーティングで共有して話し合うという事をしました。<br><br>しかし初めは私の英語力が拙いことが原因でなかなか上手く伝えられず、業務改善に繋がりませんでした。彼らに伝わりやすいように工夫をする事で、講師全員が協力してくれるようになり、一つのチームとして良いレッスンを提供していこうと全員が同じ目標を持って動くことが出来ました。<br><br>その結果、生徒からの満足度も上がり、口コミによって6か月間で100名以上の生徒を新規で獲得することができました。その際にチームとして同じ目標を持って取り組めばこんなにも効果があるという事を学びました。,どのような時代であっても価値提供できる人になる,私はシアトルでどのような時代であっても、価値を提供できる人になりたいと考えています。<br><br>そのように考えるきっかけとなったのは、一人で行ったベトナム旅行です。大手企業に勤める方に出会い、会社での話を伺ったことをきっかけに、自分の将来について考えるようになりました。<br><br>その方は給料や休みに関しての不満は全く無いが、仕事内容に対しやりがいを感じることがなく、誰にでもできる仕事であるため、スキル向上に繋がるのか将来が不安で転職を考えているということを仰っていました。<br><br>その際にふと思い出したのが、トヨタの社長が「終身雇用はこれから厳しくなる」と言っていたニュースです。今の世の中はトレンドの移り変わりが激しいので、大手企業に勤めることができても安定できる時代では無いと感じました。入れ替わりの激しい世の中で生きるためには、どのような時代であっても価値を提供できる人になる必要があると考えました。<br><br>そのために、それぞれの時代にある課題を解決する能力、トレンドを意識して学び続ける姿勢を一番大事にしたいと考えており、シアトルに入社した際はその二点について強く意識しながら働きます。
